{"strategy":{"SampleStrategy":{"trades":[{"pair":"BTC/USDT:USDT","stake_amount":9949.0646,"max_stake_amount":9949.0646,"amount":0.106,"open_date":"2025-01-12 10:00:00+00:00","close_date":"2025-01-12 14:15:00+00:00","open_rate":93859.1,"close_rate":94892.06658329164,"fee_open":0.0005,"fee_close":0.0005,"trade_duration":255,"profit_ratio":0.009995002498750623,"profit_abs":99.490646,"exit_reason":"roi","initial_stop_loss_abs":84473.2,"initial_stop_loss_ratio":-0.1,"stop_loss_abs":84473.2,"stop_loss_ratio":-0.1,"min_rate":93783.0,"max_rate":94949.8,"is_open":false,"enter_tag":"","leverage":1.0,"is_short":false,"open_timestamp":1736676000000,"close_timestamp":1736691300000,"orders":[{"amount":0.106,"safe_price":93859.1,"ft_order_side":"buy","order_filled_timestamp":1736676000000,"ft_is_entry":true,"ft_order_tag":"","cost":9954.039132299999},{"amount":0.106,"safe_price":94892.06658329164,"ft_order_side":"sell","order_filled_timestamp":1736691300000,"ft_is_entry":false,"ft_order_tag":"roi","cost":10063.588337357827}]},{"pair":"BTC/USDT:USDT","stake_amount":9964.8268,"max_stake_amount":9964.8268,"amount":0.106,"open_date":"2025-01-12 22:40:00+00:00","close_date":"2025-01-13 00:25:00+00:00","open_rate":94007.8,"close_rate":95042.40310155076,"fee_open":0.0005,"fee_close":0.0005,"trade_duration":105,"profit_ratio":0.009942093295704791,"profit_abs":99.12077334,"exit_reason":"roi","initial_stop_loss_abs":84607.1,"initial_stop_loss_ratio":-0.1,"stop_loss_abs":84607.1,"stop_loss_ratio":-0.1,"min_rate":93727.4,"max_rate":95567.4,"is_open":false,"enter_tag":"","leverage":1.0,"is_short":false,"open_timestamp":1736721600000,"close_timestamp":1736727900000,"orders":[{"amount":0.106,"safe_price":94007.8,"ft_order_side":"buy","order_filled_timestamp":1736721600000,"ft_is_entry":true,"ft_order_tag":"","cost":9969.8092134},{"amount":0.106,"safe_price":95042.40310155076,"ft_order_side":"sell","order_filled_timestamp":1736727900000,"ft_is_entry":false,"ft_order_tag":"roi","cost":10079.531976128763}]},{"pair":"BTC/USDT:USDT","stake_amount":9922.0134,"max_stake_amount":9922.0134,"amount":0.106,"open_date":"2025-01-13 07:00:00+00:00","close_date":"2025-01-13 22:15:00+00:00","open_rate":93603.9,"close_rate":94634.05797898948,"fee_open":0.0005,"fee_close":0.0005,"trade_duration":915,"profit_ratio":0.00991651686878122,"profit_abs":98.44100916,"exit_reason":"roi","initial_stop_loss_abs":84243.6,"initial_stop_loss_ratio":-0.1,"stop_loss_abs":84243.6,"stop_loss_ratio":-0.1,"min_rate":88909.0,"max_rate":94681.1,"is_open":false,"enter_tag":"","leverage":1.0,"is_short":false,"open_timestamp":1736751600000,"close_timestamp":1736806500000,"orders":[{"amount":0.106,"safe_price":93603.9,"ft_order_side":"buy","order_filled_timestamp":1736751600000,"ft_is_entry":true,"ft_order_tag":"","cost":9926.9744067},{"amount":0.106,"safe_price":94634.05797898948,"ft_order_side":"sell","order_filled_timestamp":1736806500000,"ft_is_entry":false,"ft_order_tag":"roi","cost":10036.225750845771}]},{"pair":"BTC/USDT:USDT","stake_amount":9989.8999,"max_stake_amount":9989.8999,"amount":0.101,"open_date":"2025-01-16 09:00:00+00:00","close_date":"2025-01-16 17:30:00+00:00","open_rate":98909.9,"close_rate":99998.45317658829,"fee_open":0.0005,"fee_close":0.0005,"trade_duration":510,"profit_ratio":0.009948883341228692,"profit_abs":99.43804287,"exit_reason":"roi","initial_stop_loss_abs":89019.0,"initial_stop_loss_ratio":-0.1,"stop_loss_abs":89019.0,"stop_loss_ratio":-0.1,"min_rate":97293.6,"max_rate":100082.0,"is_open":false,"enter_tag":"","leverage":1.0,"is_short":false,"open_timestamp":1737018000000,"close_timestamp":1737048600000,"orders":[{"amount":0.101,"safe_price":98909.9,"ft_order_side":"buy","order_filled_timestamp":1737018000000,"ft_is_entry":true,"ft_order_tag":"","cost":9994.89484995},{"amount":0.101,"safe_price":99998.45317658829,"ft_order_side":"sell","order_filled_timestamp":1737048600000,"ft_is_entry":false,"ft_order_tag":"roi","cost":10104.893692720834}]},{"pair":"BTC/USDT:USDT","stake_amount":9920.9376,"max_stake_amount":9920.9376,"amount":0.096,"open_date":"2025-01-18 04:35:00+00:00","close_date":"2025-01-18 14:00:00+00:00","open_rate":103343.1,"close_rate":104480.44277138569,"fee_open":0.0005,"fee_close":0.0005,"trade_duration":565,"profit_ratio":0.00989559539793609,"profit_abs":98.22267125,"exit_reason":"roi","initial_stop_loss_abs":93008.8,"initial_stop_loss_ratio":-0.1,"stop_loss_abs":93008.8,"stop_loss_ratio":-0.1,"min_rate":102242.8,"max_rate":104542.1,"is_open":false,"enter_tag":"","leverage":1.0,"is_short":false,"open_timestamp":1737174900000,"close_timestamp":1737208800000,"orders":[{"amount":0.096,"safe_price":103343.1,"ft_order_side":"buy","order_filled_timestamp":1737174900000,"ft_is_entry":true,"ft_order_tag":"","cost":9925.898068800001},{"amount":0.096,"safe_price":104480.44277138569,"ft_order_side":"sell","order_filled_timestamp":1737208800000,"ft_is_entry":false,"ft_order_tag":"roi","cost":10035.137567306052}]},{"pair":"BTC/USDT:USDT","stake_amount":9908.0345,"max_stake_amount":9908.0345,"amount":0.095,"open_date":"2025-01-19 09:30:00+00:00","close_date":"2025-01-19 14:25:00+00:00","open_rate":104295.1,"close_rate":105442.920010005,"fee_open":0.0005,"fee_close":0.0005,"trade_duration":295,"profit_ratio":0.009995002498750623,"profit_abs":99.080345,"exit_reason":"roi","initial_stop_loss_abs":93865.6,"initial_stop_loss_ratio":-0.1,"stop_loss_abs":93865.6,"stop_loss_ratio":-0.1,"min_rate":104174.5,"max_rate":105743.1,"is_open":false,"enter_tag":"","leverage":1.0,"is_short":false,"open_timestamp":1737279000000,"close_timestamp":1737296700000,"orders":[{"amount":0.095,"safe_price":104295.1,"ft_order_side":"buy","order_filled_timestamp":1737279000000,"ft_is_entry":true,"ft_order_tag":"","cost":9912.988517250002},{"amount":0.095,"safe_price":105442.920010005,"ft_order_side":"sell","order_filled_timestamp":1737296700000,"ft_is_entry":false,"ft_order_tag":"roi","cost":10022.08593965095}]},{"pair":"BTC/USDT:USDT","stake_amount":9986.9664,"max_stake_amount":9986.9664,"amount":0.096,"open_date":"2025-01-19 22:15:00+00:00","close_date":"2025-01-20 06:45:00+00:00","open_rate":104030.9,"close_rate":105175.81235617807,"fee_open":0.0005,"fee_close":0.0005,"trade_duration":510,"profit_ratio":0.00989766846505067,"profit_abs":98.89710624,"exit_reason":"roi","initial_stop_loss_abs":93627.9,"initial_stop_loss_ratio":-0.1,"stop_loss_abs":93627.9,"stop_loss_ratio":-0.1,"min_rate":99501.0,"max_rate":106733.7,"is_open":false,"enter_tag":"","leverage":1.0,"is_short":false,"open_timestamp":1737324900000,"close_timestamp":1737355500000,"orders":[{"amount":0.096,"safe_price":104030.9,"ft_order_side":"buy","order_filled_timestamp":1737324900000,"ft_is_entry":true,"ft_order_tag":"","cost":9991.9598832},{"amount":0.096,"safe_price":105175.81235617807,"ft_order_side":"sell","order_filled_timestamp":1737355500000,"ft_is_entry":false,"ft_order_tag":"roi","cost":10101.92642518619}]},{"pair":"BTC/USDT:USDT","stake_amount":9977.337,"max_stake_amount":9977.337,"amount":0.095,"open_date":"2025-01-20 16:20:00+00:00","close_date":"2025-01-21 16:10:00+00:00","open_rate":105024.6,"close_rate":106180.44852426212,"fee_open":0.0005,"fee_close":0.0005,"trade_duration":1430,"profit_ratio":0.009701725986120084,"profit_abs":96.84578834,"exit_reason":"roi","initial_stop_loss_abs":94522.2,"initial_stop_loss_ratio":-0.1,"stop_loss_abs":94522.2,"stop_loss_ratio":-0.1,"min_rate":100097.2,"max_rate":107082.8,"is_open":false,"enter_tag":"","leverage":1.0,"is_short":false,"open_timestamp":1737390000000,"close_timestamp":1737475800000,"orders":[{"amount":0.095,"safe_price":105024.6,"ft_order_side":"buy","order_filled_timestamp":1737390000000,"ft_is_entry":true,"ft_order_tag":"","cost":9982.325668500001},{"amount":0.095,"safe_price":106180.44852426212,"ft_order_side":"sell","order_filled_timestamp":1737475800000,"ft_is_entry":false,"ft_order_tag":"roi","cost":10092.186181109804}]},{"pair":"BTC/USDT:USDT","stake_amount":9954.5436,"max_stake_amount":9954.5436,"amount":0.094,"open_date":"2025-01-21 23:10:00+00:00","close_date":"2025-02-01 00:00:00+00:00","open_rate":105899.4,"close_rate":102379.8,"fee_open":0.0005,"fee_close":0.0005,"trade_duration":14450,"profit_ratio":-0.036617874464485944,"profit_abs":-364.69648501,"exit_reason":"force_exit","initial_stop_loss_abs":95309.5,"initial_stop_loss_ratio":-0.1,"stop_loss_abs":95309.5,"stop_loss_ratio":-0.1,"min_rate":97680.0,"max_rate":107076.5,"is_open":false,"enter_tag":"","leverage":1.0,"is_short":false,"open_timestamp":1737501000000,"close_timestamp":1738368000000,"orders":[{"amount":0.094,"safe_price":105899.4,"ft_order_side":"buy","order_filled_timestamp":1737501000000,"ft_is_entry":true,"ft_order_tag":"","cost":9959.520871799998},{"amount":0.094,"safe_price":102379.8,"ft_order_side":"sell","order_filled_timestamp":1738368000000,"ft_is_entry":false,"ft_order_tag":"force_exit","cost":9628.513050599999}]}],"locks":[],"best_pair":{"key":"BTC/USDT:USDT","trades":9,"profit_mean":0.004741623765315205,"profit_mean_pct":0.47,"profit_sum":0.042674613887836846,"profit_sum_pct":4.27,"profit_total_abs":424.83989718999993,"profit_total":0.021241994859499996,"profit_total_pct":2.12,"duration_avg":"1 day, 11:15:00","wins":8,"draws":0,"losses":1,"winrate":0.8888888888888888},"worst_pair":{"key":"BTC/USDT:USDT","trades":9,"profit_mean":0.004741623765315205,"profit_mean_pct":0.47,"profit_sum":0.042674613887836846,"profit_sum_pct":4.27,"profit_total_abs":424.83989718999993,"profit_total":0.021241994859499996,"profit_total_pct":2.12,"duration_avg":"1 day, 11:15:00","wins":8,"draws":0,"losses":1,"winrate":0.8888888888888888},"results_per_pair":[{"key":"BTC/USDT:USDT","trades":9,"profit_mean":0.004741623765315205,"profit_mean_pct":0.47,"profit_sum":0.042674613887836846,"profit_sum_pct":4.27,"profit_total_abs":424.83989718999993,"profit_total":0.021241994859499996,"profit_total_pct":2.12,"duration_avg":"1 day, 11:15:00","wins":8,"draws":0,"losses":1,"winrate":0.8888888888888888},{"key":"TOTAL","trades":9,"profit_mean":0.004741623765315205,"profit_mean_pct":0.47,"profit_sum":0.042674613887836846,"profit_sum_pct":4.27,"profit_total_abs":424.83989718999993,"profit_total":0.021241994859499996,"profit_total_pct":2.12,"duration_avg":"1 day, 11:15:00","wins":8,"draws":0,"losses":1,"winrate":0.8888888888888888}],"results_per_enter_tag":[{"key":"","trades":9,"profit_mean":0.004741623765315205,"profit_mean_pct":0.47,"profit_sum":0.042674613887836846,"profit_sum_pct":4.27,"profit_total_abs":424.83989718999993,"profit_total":0.021241994859499996,"profit_total_pct":2.12,"duration_avg":"1 day, 11:15:00","wins":8,"draws":0,"losses":1,"winrate":0.8888888888888888},{"key":"TOTAL","trades":9,"profit_mean":0.004741623765315205,"profit_mean_pct":0.47,"profit_sum":0.042674613887836846,"profit_sum_pct":4.27,"profit_total_abs":424.83989718999993,"profit_total":0.021241994859499996,"profit_total_pct":2.12,"duration_avg":"1 day, 11:15:00","wins":8,"draws":0,"losses":1,"winrate":0.8888888888888888}],"exit_reason_summary":[{"key":"roi","trades":8,"profit_mean":0.009911561044040349,"profit_mean_pct":0.99,"profit_sum":0.07929248835232279,"profit_sum_pct":7.93,"profit_total_abs":789.5363821999999,"profit_total":0.03947681911,"profit_total_pct":3.95,"duration_avg":"9:33:00","wins":8,"draws":0,"losses":0,"winrate":1.0},{"key":"force_exit","trades":1,"profit_mean":-0.036617874464485944,"profit_mean_pct":-3.66,"profit_sum":-0.036617874464485944,"profit_sum_pct":-3.66,"profit_total_abs":-364.69648501,"profit_total":-0.0182348242505,"profit_total_pct":-1.82,"duration_avg":"10 days, 0:50:00","wins":0,"draws":0,"losses":1,"winrate":0.0},{"key":"TOTAL","trades":9,"profit_mean":0.004741623765315205,"profit_mean_pct":0.47,"profit_sum":0.042674613887836846,"profit_sum_pct":4.27,"profit_total_abs":424.83989718999993,"profit_total":0.021241994859499996,"profit_total_pct":2.12,"duration_avg":"1 day, 11:15:00","wins":8,"draws":0,"losses":1,"winrate":0.8888888888888888}],"mix_tag_stats":[{"key":["","roi"],"trades":8,"profit_mean":0.009911561044040349,"profit_mean_pct":0.99,"profit_sum":0.07929248835232279,"profit_sum_pct":7.93,"profit_total_abs":789.5363821999999,"profit_total":0.03947681911,"profit_total_pct":3.95,"duration_avg":"9:33:00","wins":8,"draws":0,"losses":0,"winrate":1.0},{"key":["","force_exit"],"trades":1,"profit_mean":-0.036617874464485944,"profit_mean_pct":-3.66,"profit_sum":-0.036617874464485944,"profit_sum_pct":-3.66,"profit_total_abs":-364.69648501,"profit_total":-0.0182348242505,"profit_total_pct":-1.82,"duration_avg":"10 days, 0:50:00","wins":0,"draws":0,"losses":1,"winrate":0.0},{"key":"TOTAL","trades":9,"profit_mean":0.004741623765315205,"profit_mean_pct":0.47,"profit_sum":0.042674613887836846,"profit_sum_pct":4.27,"profit_total_abs":424.83989718999993,"profit_total":0.021241994859499996,"profit_total_pct":2.12,"duration_avg":"1 day, 11:15:00","wins":8,"draws":0,"losses":1,"winrate":0.8888888888888888}],"left_open_trades":[{"key":"BTC/USDT:USDT","trades":1,"profit_mean":-0.036617874464485944,"profit_mean_pct":-3.66,"profit_sum":-0.036617874464485944,"profit_sum_pct":-3.66,"profit_total_abs":-364.69648501,"profit_total":-0.0182348242505,"profit_total_pct":-1.82,"duration_avg":"10 days, 0:50:00","wins":0,"draws":0,"losses":1,"winrate":0.0},{"key":"TOTAL","trades":1,"profit_mean":-0.036617874464485944,"profit_mean_pct":-3.66,"profit_sum":-0.036617874464485944,"profit_sum_pct":-3.66,"profit_total_abs":-364.69648501,"profit_total":-0.0182348242505,"profit_total_pct":-1.82,"duration_avg":"10 days, 0:50:00","wins":0,"draws":0,"losses":1,"winrate":0.0}],"total_trades":9,"trade_count_long":9,"trade_count_short":0,"total_volume":179782.4995328062,"avg_stake_amount":9952.624866666667,"profit_mean":0.004741623765315205,"profit_median":0.00991651686878122,"profit_total":0.021241994859499996,"profit_total_long":0.021241994859499996,"profit_total_short":0.0,"profit_total_abs":424.83989718999993,"profit_total_long_abs":424.83989718999993,"profit_total_short_abs":0.0,"cagr":0.4675676886135456,"expectancy":47.2044330211111,"expectancy_ratio":0.12943484503234726,"sortino":-100,"sharpe":2.786685628525618,"calmar":115.67112589865192,"profit_factor":2.164913605291125,"backtest_start":"2025-01-11 09:45:00","backtest_start_ts":1736588700000,"backtest_end":"2025-02-01 00:00:00","backtest_end_ts":1738368000000,"backtest_days":20,"backtest_run_start_ts":1739121804,"backtest_run_end_ts":1739121804,"trades_per_day":0.45,"market_change":0.09596549507072438,"pairlist":["BTC/USDT:USDT"],"stake_amount":10000,"stake_currency":"USDT","stake_currency_decimals":3,"starting_balance":20000,"dry_run_wallet":20000,"final_balance":20424.83989719,"rejected_signals":0,"timedout_entry_orders":0,"timedout_exit_orders":0,"canceled_trade_entries":0,"canceled_entry_orders":0,"replaced_entry_orders":0,"max_open_trades":1,"max_open_trades_setting":-1,"timeframe":"5m","timeframe_detail":"","timerange":"20250110-20250201","enable_protections":false,"strategy_name":"SampleStrategy","stoploss":-0.1,"trailing_stop":false,"trailing_stop_positive":null,"trailing_stop_positive_offset":0.0,"trailing_only_offset_is_reached":false,"use_custom_stoploss":false,"minimal_roi":{"60":0.01,"30":0.02,"0":0.04},"use_exit_signal":true,"exit_profit_only":false,"exit_profit_offset":0.0,"ignore_roi_if_entry_signal":false,"trading_mode":"futures","margin_mode":"isolated","periodic_breakdown":{"day":[{"date":"12/01/2025","date_ts":1736640000000,"profit_abs":99.490646,"wins":1,"draws":0,"loses":0,"winrate":1.0},{"date":"13/01/2025","date_ts":1736726400000,"profit_abs":197.5617825,"wins":2,"draws":0,"loses":0,"winrate":1.0},{"date":"14/01/2025","date_ts":1736812800000,"profit_abs":0.0,"wins":0,"draws":0,"loses":0,"winrate":0.0},{"date":"15/01/2025","date_ts":1736899200000,"profit_abs":0.0,"wins":0,"draws":0,"loses":0,"winrate":0.0},{"date":"16/01/2025","date_ts":1736985600000,"profit_abs":99.43804287,"wins":1,"draws":0,"loses":0,"winrate":1.0},{"date":"17/01/2025","date_ts":1737072000000,"profit_abs":0.0,"wins":0,"draws":0,"loses":0,"winrate":0.0},{"date":"18/01/2025","date_ts":1737158400000,"profit_abs":98.22267125,"wins":1,"draws":0,"loses":0,"winrate":1.0},{"date":"19/01/2025","date_ts":1737244800000,"profit_abs":99.080345,"wins":1,"draws":0,"loses":0,"winrate":1.0},{"date":"20/01/2025","date_ts":1737331200000,"profit_abs":98.89710624,"wins":1,"draws":0,"loses":0,"winrate":1.0},{"date":"21/01/2025","date_ts":1737417600000,"profit_abs":96.84578834,"wins":1,"draws":0,"loses":0,"winrate":1.0},{"date":"22/01/2025","date_ts":1737504000000,"profit_abs":0.0,"wins":0,"draws":0,"loses":0,"winrate":0.0},{"date":"23/01/2025","date_ts":1737590400000,"profit_abs":0.0,"wins":0,"draws":0,"loses":0,"winrate":0.0},{"date":"24/01/2025","date_ts":1737676800000,"profit_abs":0.0,"wins":0,"draws":0,"loses":0,"winrate":0.0},{"date":"25/01/2025","date_ts":1737763200000,"profit_abs":0.0,"wins":0,"draws":0,"loses":0,"winrate":0.0},{"date":"26/01/2025","date_ts":1737849600000,"profit_abs":0.0,"wins":0,"draws":0,"loses":0,"winrate":0.0},{"date":"27/01/2025","date_ts":1737936000000,"profit_abs":0.0,"wins":0,"draws":0,"loses":0,"winrate":0.0},{"date":"28/01/2025","date_ts":1738022400000,"profit_abs":0.0,"wins":0,"draws":0,"loses":0,"winrate":0.0},{"date":"29/01/2025","date_ts":1738108800000,"profit_abs":0.0,"wins":0,"draws":0,"loses":0,"winrate":0.0},{"date":"30/01/2025","date_ts":1738195200000,"profit_abs":0.0,"wins":0,"draws":0,"loses":0,"winrate":0.0},{"date":"31/01/2025","date_ts":1738281600000,"profit_abs":0.0,"wins":0,"draws":0,"loses":0,"winrate":0.0},{"date":"01/02/2025","date_ts":1738368000000,"profit_abs":-364.69648501,"wins":0,"draws":0,"loses":1,"winrate":0.0}],"week":[{"date":"13/01/2025","date_ts":1736726400000,"profit_abs":297.0524285,"wins":3,"draws":0,"loses":0,"winrate":1.0},{"date":"20/01/2025","date_ts":1737331200000,"profit_abs":395.63816536,"wins":4,"draws":0,"loses":0,"winrate":1.0},{"date":"27/01/2025","date_ts":1737936000000,"profit_abs":96.84578834,"wins":1,"draws":0,"loses":0,"winrate":1.0},{"date":"03/02/2025","date_ts":1738540800000,"profit_abs":-364.69648501,"wins":0,"draws":0,"loses":1,"winrate":0.0}],"month":[{"date":"31/01/2025","date_ts":1738281600000,"profit_abs":789.5363822,"wins":8,"draws":0,"loses":0,"winrate":1.0},{"date":"28/02/2025","date_ts":1740700800000,"profit_abs":-364.69648501,"wins":0,"draws":0,"loses":1,"winrate":0.0}]},"backtest_best_day":0.019858610164486014,"backtest_worst_day":-0.036617874464485944,"backtest_best_day_abs":197.5617825,"backtest_worst_day_abs":-364.69648501,"winning_days":7,"draw_days":13,"losing_days":1,"daily_profit":[["2025-01-12",99.490646],["2025-01-13",197.5617825],["2025-01-14",0.0],["2025-01-15",0.0],["2025-01-16",99.43804287],["2025-01-17",0.0],["2025-01-18",98.22267125],["2025-01-19",99.080345],["2025-01-20",98.89710624],["2025-01-21",96.84578834],["2025-01-22",0.0],["2025-01-23",0.0],["2025-01-24",0.0],["2025-01-25",0.0],["2025-01-26",0.0],["2025-01-27",0.0],["2025-01-28",0.0],["2025-01-29",0.0],["2025-01-30",0.0],["2025-01-31",0.0],["2025-02-01",-364.69648501]],"wins":8,"losses":1,"draws":0,"winrate":0.8888888888888888,"holding_avg":"1 day, 11:15:00","holding_avg_s":126900.0,"winner_holding_avg":"9:33:00","winner_holding_avg_s":34380.0,"loser_holding_avg":"10 days, 0:50:00","loser_holding_avg_s":867000.0,"max_consecutive_wins":8,"max_consecutive_losses":1,"max_drawdown_account":0.017542309665080087,"max_relative_drawdown":0.017542309665080087,"max_drawdown_abs":364.69648501,"drawdown_start":"2025-01-21 16:10:00","drawdown_start_ts":1737475800000.0,"drawdown_end":"2025-02-01 00:00:00","drawdown_end_ts":1738368000000.0,"max_drawdown_low":424.83989719000004,"max_drawdown_high":789.5363822,"csum_min":20099.490646,"csum_max":20789.5363822}},"strategy_comparison":[{"key":"SampleStrategy","trades":9,"profit_mean":0.004741623765315205,"profit_mean_pct":0.47,"profit_sum":0.042674613887836846,"profit_sum_pct":4.27,"profit_total_abs":424.83989718999993,"profit_total":0.021241994859499996,"profit_total_pct":2.12,"duration_avg":"1 day, 11:15:00","wins":8,"draws":0,"losses":1,"winrate":0.8888888888888888,"max_drawdown_account":0.017542309665080087,"max_drawdown_abs":"364.696"}]}