{"strategy":{"SampleStrategy":{"trades":[{"pair":"SOL/USDT:USDT","stake_amount":9819.68,"max_stake_amount":9819.68,"amount":52.0,"open_date":"2025-01-11 22:36:00+00:00","close_date":"2025-01-12 15:51:00+00:00","open_rate":188.84,"close_rate":190.91827913956976,"fee_open":0.0005,"fee_close":0.0005,"trade_duration":1035,"profit_ratio":0.010017176966443211,"profit_abs":98.41465505,"exit_reason":"roi","initial_stop_loss_abs":169.96,"initial_stop_loss_ratio":-0.1,"stop_loss_abs":169.96,"stop_loss_ratio":-0.1,"min_rate":185.04,"max_rate":190.98,"is_open":false,"enter_tag":"","leverage":1.0,"is_short":false,"open_timestamp":1736634960000,"close_timestamp":1736697060000,"orders":[{"amount":52.0,"safe_price":188.84,"ft_order_side":"buy","order_filled_timestamp":1736634960000,"ft_is_entry":true,"ft_order_tag":"","cost":9824.58984},{"amount":52.0,"safe_price":190.91827913956976,"ft_order_side":"sell","order_filled_timestamp":1736697060000,"ft_is_entry":false,"ft_order_tag":"roi","cost":9932.714390515255}]},{"pair":"SOL/USDT:USDT","stake_amount":9984.67,"max_stake_amount":9984.67,"amount":53.0,"open_date":"2025-01-12 21:21:00+00:00","close_date":"2025-01-13 00:27:00+00:00","open_rate":188.39,"close_rate":190.46332666333163,"fee_open":0.0005,"fee_close":0.0005,"trade_duration":186,"profit_ratio":0.00989503125182459,"profit_abs":98.848021,"exit_reason":"roi","initial_stop_loss_abs":169.56,"initial_stop_loss_ratio":-0.1,"stop_loss_abs":169.56,"stop_loss_ratio":-0.1,"min_rate":186.44,"max_rate":191.11,"is_open":false,"enter_tag":"","leverage":1.0,"is_short":false,"open_timestamp":1736716860000,"close_timestamp":1736728020000,"orders":[{"amount":53.0,"safe_price":188.39,"ft_order_side":"buy","order_filled_timestamp":1736716860000,"ft_is_entry":true,"ft_order_tag":"","cost":9989.662334999999},{"amount":53.0,"safe_price":190.46332666333163,"ft_order_side":"sell","order_filled_timestamp":1736728020000,"ft_is_entry":false,"ft_order_tag":"roi","cost":10099.603591313155}]},{"pair":"BNB/USDT:USDT","stake_amount":9998.1504,"max_stake_amount":9998.1504,"amount":14.48,"open_date":"2025-01-13 02:12:00+00:00","close_date":"2025-01-13 21:21:00+00:00","open_rate":690.48,"close_rate":681.47,"fee_open":0.0005,"fee_close":0.0005,"trade_duration":1149,"profit_ratio":-0.013099999518639603,"profit_abs":-131.04125331,"exit_reason":"exit_signal","initial_stop_loss_abs":621.44,"initial_stop_loss_ratio":-0.1,"stop_loss_abs":621.44,"stop_loss_ratio":-0.1,"min_rate":656.84,"max_rate":691.89,"is_open":false,"enter_tag":"","leverage":1.0,"is_short":false,"open_timestamp":1736734320000,"close_timestamp":1736803260000,"orders":[{"amount":14.48,"safe_price":690.48,"ft_order_side":"buy","order_filled_timestamp":1736734320000,"ft_is_entry":true,"ft_order_tag":"","cost":10003.1494752},{"amount":14.48,"safe_price":681.47,"ft_order_side":"sell","order_filled_timestamp":1736803260000,"ft_is_entry":false,"ft_order_tag":"exit_signal","cost":9872.6194428}]},{"pair":"BTC/USDT:USDT","stake_amount":9980.8752,"max_stake_amount":9980.8752,"amount":0.106,"open_date":"2025-01-13 02:06:00+00:00","close_date":"2025-01-13 21:51:00+00:00","open_rate":94159.2,"close_rate":94188.5,"fee_open":0.0005,"fee_close":0.0005,"trade_duration":1185,"profit_ratio":-0.0007666589174977104,"profit_abs":-7.65575294,"exit_reason":"exit_signal","initial_stop_loss_abs":84743.3,"initial_stop_loss_ratio":-0.1,"stop_loss_abs":84743.3,"stop_loss_ratio":-0.1,"min_rate":88909.0,"max_rate":94878.0,"is_open":false,"enter_tag":"","leverage":1.0,"is_short":false,"open_timestamp":1736733960000,"close_timestamp":1736805060000,"orders":[{"amount":0.106,"safe_price":94159.2,"ft_order_side":"buy","order_filled_timestamp":1736733960000,"ft_is_entry":true,"ft_order_tag":"","cost":9985.865637599998},{"amount":0.106,"safe_price":94188.5,"ft_order_side":"sell","order_filled_timestamp":1736805060000,"ft_is_entry":false,"ft_order_tag":"exit_signal","cost":9988.972990499999}]},{"pair":"BNB/USDT:USDT","stake_amount":9998.8672,"max_stake_amount":9998.8672,"amount":14.54,"open_date":"2025-01-14 06:09:00+00:00","close_date":"2025-01-14 09:30:00+00:00","open_rate":687.68,"close_rate":695.248264132066,"fee_open":0.0005,"fee_close":0.0005,"trade_duration":201,"profit_ratio":0.009995002498750623,"profit_abs":99.988672,"exit_reason":"roi","initial_stop_loss_abs":618.92,"initial_stop_loss_ratio":-0.1,"stop_loss_abs":618.92,"stop_loss_ratio":-0.1,"min_rate":687.68,"max_rate":695.26,"is_open":false,"enter_tag":"","leverage":1.0,"is_short":false,"open_timestamp":1736834940000,"close_timestamp":1736847000000,"orders":[{"amount":14.54,"safe_price":687.68,"ft_order_side":"buy","order_filled_timestamp":1736834940000,"ft_is_entry":true,"ft_order_tag":"","cost":10003.866633599999},{"amount":14.54,"safe_price":695.248264132066,"ft_order_side":"sell","order_filled_timestamp":1736847000000,"ft_is_entry":false,"ft_order_tag":"roi","cost":10113.964215360478}]},{"pair":"SOL/USDT:USDT","stake_amount":9870.19,"max_stake_amount":9870.19,"amount":53.0,"open_date":"2025-01-14 12:24:00+00:00","close_date":"2025-01-14 13:30:00+00:00","open_rate":186.23,"close_rate":188.27955477738865,"fee_open":0.0005,"fee_close":0.0005,"trade_duration":66,"profit_ratio":0.009995002498750625,"profit_abs":98.7019,"exit_reason":"roi","initial_stop_loss_abs":167.61,"initial_stop_loss_ratio":-0.1,"stop_loss_abs":167.61,"stop_loss_ratio":-0.1,"min_rate":185.53,"max_rate":188.81,"is_open":false,"enter_tag":"","leverage":1.0,"is_short":false,"open_timestamp":1736857440000,"close_timestamp":1736861400000,"orders":[{"amount":53.0,"safe_price":186.23,"ft_order_side":"buy","order_filled_timestamp":1736857440000,"ft_is_entry":true,"ft_order_tag":"","cost":9875.125094999998},{"amount":53.0,"safe_price":188.27955477738865,"ft_order_side":"sell","order_filled_timestamp":1736861400000,"ft_is_entry":false,"ft_order_tag":"roi","cost":9983.8058114032}]},{"pair":"ETH/USDT:USDT","stake_amount":9999.6468,"max_stake_amount":9999.6468,"amount":3.135,"open_date":"2025-01-14 12:36:00+00:00","close_date":"2025-01-14 14:33:00+00:00","open_rate":3189.68,"close_rate":3224.7840320160076,"fee_open":0.0005,"fee_close":0.0005,"trade_duration":117,"profit_ratio":0.009995002498750623,"profit_abs":99.996468,"exit_reason":"roi","initial_stop_loss_abs":2870.72,"initial_stop_loss_ratio":-0.1,"stop_loss_abs":2870.72,"stop_loss_ratio":-0.1,"min_rate":3177.23,"max_rate":3231.0,"is_open":false,"enter_tag":"","leverage":1.0,"is_short":false,"open_timestamp":1736858160000,"close_timestamp":1736865180000,"orders":[{"amount":3.135,"safe_price":3189.68,"ft_order_side":"buy","order_filled_timestamp":1736858160000,"ft_is_entry":true,"ft_order_tag":"","cost":10004.646623399998},{"amount":3.135,"safe_price":3224.7840320160076,"ft_order_side":"sell","order_filled_timestamp":1736865180000,"ft_is_entry":false,"ft_order_tag":"roi","cost":10114.752789340368}]},{"pair":"ETH/USDT:USDT","stake_amount":9997.0134,"max_stake_amount":9997.0134,"amount":3.135,"open_date":"2025-01-14 16:09:00+00:00","close_date":"2025-01-14 18:33:00+00:00","open_rate":3188.84,"close_rate":3223.9347873936968,"fee_open":0.0005,"fee_close":0.0005,"trade_duration":144,"profit_ratio":0.009995002498750625,"profit_abs":99.970134,"exit_reason":"roi","initial_stop_loss_abs":2869.96,"initial_stop_loss_ratio":-0.1,"stop_loss_abs":2869.96,"stop_loss_ratio":-0.1,"min_rate":3178.82,"max_rate":3225.81,"is_open":false,"enter_tag":"","leverage":1.0,"is_short":false,"open_timestamp":1736870940000,"close_timestamp":1736879580000,"orders":[{"amount":3.135,"safe_price":3188.84,"ft_order_side":"buy","order_filled_timestamp":1736870940000,"ft_is_entry":true,"ft_order_tag":"","cost":10002.0119067},{"amount":3.135,"safe_price":3223.9347873936968,"ft_order_side":"sell","order_filled_timestamp":1736879580000,"ft_is_entry":false,"ft_order_tag":"roi","cost":10112.089076258477}]},{"pair":"BNB/USDT:USDT","stake_amount":9993.855,"max_stake_amount":9993.855,"amount":14.39,"open_date":"2025-01-14 16:09:00+00:00","close_date":"2025-01-15 00:24:00+00:00","open_rate":694.5,"close_rate":702.1433216608303,"fee_open":0.0005,"fee_close":0.0005,"trade_duration":495,"profit_ratio":0.009995002498750625,"profit_abs":99.93855,"exit_reason":"roi","initial_stop_loss_abs":625.06,"initial_stop_loss_ratio":-0.1,"stop_loss_abs":625.06,"stop_loss_ratio":-0.1,"min_rate":693.61,"max_rate":703.2,"is_open":false,"enter_tag":"","leverage":1.0,"is_short":false,"open_timestamp":1736870940000,"close_timestamp":1736900640000,"orders":[{"amount":14.39,"safe_price":694.5,"ft_order_side":"buy","order_filled_timestamp":1736870940000,"ft_is_entry":true,"ft_order_tag":"","cost":9998.8519275},{"amount":14.39,"safe_price":702.1433216608303,"ft_order_side":"sell","order_filled_timestamp":1736900640000,"ft_is_entry":false,"ft_order_tag":"roi","cost":10108.894319898698}]},{"pair":"SOL/USDT:USDT","stake_amount":9830.6,"max_stake_amount":9830.6,"amount":52.0,"open_date":"2025-01-15 09:09:00+00:00","close_date":"2025-01-15 13:30:00+00:00","open_rate":189.05,"close_rate":191.13059029514756,"fee_open":0.0005,"fee_close":0.0005,"trade_duration":261,"profit_ratio":0.009995002498750625,"profit_abs":98.306,"exit_reason":"roi","initial_stop_loss_abs":170.15,"initial_stop_loss_ratio":-0.1,"stop_loss_abs":170.15,"stop_loss_ratio":-0.1,"min_rate":185.76,"max_rate":192.62,"is_open":false,"enter_tag":"","leverage":1.0,"is_short":false,"open_timestamp":1736932140000,"close_timestamp":1736947800000,"orders":[{"amount":52.0,"safe_price":189.05,"ft_order_side":"buy","order_filled_timestamp":1736932140000,"ft_is_entry":true,"ft_order_tag":"","cost":9835.5153},{"amount":52.0,"safe_price":191.13059029514756,"ft_order_side":"sell","order_filled_timestamp":1736947800000,"ft_is_entry":false,"ft_order_tag":"roi","cost":9943.760090695345}]},{"pair":"BNB/USDT:USDT","stake_amount":9994.7451,"max_stake_amount":9994.7451,"amount":14.33,"open_date":"2025-01-15 09:12:00+00:00","close_date":"2025-01-15 15:00:00+00:00","open_rate":697.47,"close_rate":705.1460080040019,"fee_open":0.0005,"fee_close":0.0005,"trade_duration":348,"profit_ratio":0.009995002498750623,"profit_abs":99.947451,"exit_reason":"roi","initial_stop_loss_abs":627.73,"initial_stop_loss_ratio":-0.1,"stop_loss_abs":627.73,"stop_loss_ratio":-0.1,"min_rate":688.43,"max_rate":706.23,"is_open":false,"enter_tag":"","leverage":1.0,"is_short":false,"open_timestamp":1736932320000,"close_timestamp":1736953200000,"orders":[{"amount":14.33,"safe_price":697.47,"ft_order_side":"buy","order_filled_timestamp":1736932320000,"ft_is_entry":true,"ft_order_tag":"","cost":9999.742472549999},{"amount":14.33,"safe_price":705.1460080040019,"ft_order_side":"sell","order_filled_timestamp":1736953200000,"ft_is_entry":false,"ft_order_tag":"roi","cost":10109.794665844696}]},{"pair":"BTC/USDT:USDT","stake_amount":9959.49,"max_stake_amount":9959.49,"amount":0.1,"open_date":"2025-01-16 03:00:00+00:00","close_date":"2025-01-17 01:33:00+00:00","open_rate":99594.9,"close_rate":100690.99194597297,"fee_open":0.0005,"fee_close":0.0005,"trade_duration":1353,"profit_ratio":0.009827326037006298,"profit_abs":97.92409297,"exit_reason":"roi","initial_stop_loss_abs":89635.5,"initial_stop_loss_ratio":-0.1,"stop_loss_abs":89635.5,"stop_loss_ratio":-0.1,"min_rate":97293.6,"max_rate":100746.7,"is_open":false,"enter_tag":"","leverage":1.0,"is_short":false,"open_timestamp":1736996400000,"close_timestamp":1737077580000,"orders":[{"amount":0.1,"safe_price":99594.9,"ft_order_side":"buy","order_filled_timestamp":1736996400000,"ft_is_entry":true,"ft_order_tag":"","cost":9964.469744999999},{"amount":0.1,"safe_price":100690.99194597297,"ft_order_side":"sell","order_filled_timestamp":1737077580000,"ft_is_entry":false,"ft_order_tag":"roi","cost":10074.133744194596}]},{"pair":"ETH/USDT:USDT","stake_amount":9998.58197,"max_stake_amount":9998.58197,"amount":2.977,"open_date":"2025-01-16 03:39:00+00:00","close_date":"2025-01-17 02:18:00+00:00","open_rate":3358.61,"close_rate":3395.5731915957977,"fee_open":0.0005,"fee_close":0.0005,"trade_duration":1359,"profit_ratio":0.009760621194812566,"profit_abs":97.64116728,"exit_reason":"roi","initial_stop_loss_abs":3022.75,"initial_stop_loss_ratio":-0.1,"stop_loss_abs":3022.75,"stop_loss_ratio":-0.1,"min_rate":3263.06,"max_rate":3396.65,"is_open":false,"enter_tag":"","leverage":1.0,"is_short":false,"open_timestamp":1736998740000,"close_timestamp":1737080280000,"orders":[{"amount":2.977,"safe_price":3358.61,"ft_order_side":"buy","order_filled_timestamp":1736998740000,"ft_is_entry":true,"ft_order_tag":"","cost":10003.581260984998},{"amount":2.977,"safe_price":3395.5731915957977,"ft_order_side":"sell","order_filled_timestamp":1737080280000,"ft_is_entry":false,"ft_order_tag":"roi","cost":10113.67570207638}]},{"pair":"ETH/USDT:USDT","stake_amount":9997.92241,"max_stake_amount":9997.92241,"amount":2.933,"open_date":"2025-01-17 12:42:00+00:00","close_date":"2025-01-17 15:06:00+00:00","open_rate":3408.77,"close_rate":3446.285227613807,"fee_open":0.0005,"fee_close":0.0005,"trade_duration":144,"profit_ratio":0.009995002498750623,"profit_abs":99.9792241,"exit_reason":"roi","initial_stop_loss_abs":3067.9,"initial_stop_loss_ratio":-0.1,"stop_loss_abs":3067.9,"stop_loss_ratio":-0.1,"min_rate":3390.0,"max_rate":3447.26,"is_open":false,"enter_tag":"","leverage":1.0,"is_short":false,"open_timestamp":1737117720000,"close_timestamp":1737126360000,"orders":[{"amount":2.933,"safe_price":3408.77,"ft_order_side":"buy","order_filled_timestamp":1737117720000,"ft_is_entry":true,"ft_order_tag":"","cost":10002.921371204999},{"amount":2.933,"safe_price":3446.285227613807,"ft_order_side":"sell","order_filled_timestamp":1737126360000,"ft_is_entry":false,"ft_order_tag":"roi","cost":10113.008549877592}]},{"pair":"BNB/USDT:USDT","stake_amount":9997.484,"max_stake_amount":9997.484,"amount":13.85,"open_date":"2025-01-17 14:03:00+00:00","close_date":"2025-01-17 20:30:00+00:00","open_rate":721.84,"close_rate":729.7842121060529,"fee_open":0.0005,"fee_close":0.0005,"trade_duration":387,"profit_ratio":0.009995002498750625,"profit_abs":99.97484,"exit_reason":"roi","initial_stop_loss_abs":649.66,"initial_stop_loss_ratio":-0.1,"stop_loss_abs":649.66,"stop_loss_ratio":-0.1,"min_rate":718.8,"max_rate":730.32,"is_open":false,"enter_tag":"","leverage":1.0,"is_short":false,"open_timestamp":1737122580000,"close_timestamp":1737145800000,"orders":[{"amount":13.85,"safe_price":721.84,"ft_order_side":"buy","order_filled_timestamp":1737122580000,"ft_is_entry":true,"ft_order_tag":"","cost":10002.482742},{"amount":13.85,"safe_price":729.7842121060529,"ft_order_side":"sell","order_filled_timestamp":1737145800000,"ft_is_entry":false,"ft_order_tag":"roi","cost":10112.565093337667}]},{"pair":"SOL/USDT:USDT","stake_amount":9789.3,"max_stake_amount":9789.3,"amount":45.0,"open_date":"2025-01-17 17:48:00+00:00","close_date":"2025-01-17 20:42:00+00:00","open_rate":217.54,"close_rate":219.93413706853423,"fee_open":0.0005,"fee_close":0.0005,"trade_duration":174,"profit_ratio":0.009995002498750625,"profit_abs":97.893,"exit_reason":"roi","initial_stop_loss_abs":195.79,"initial_stop_loss_ratio":-0.1,"stop_loss_abs":195.79,"stop_loss_ratio":-0.1,"min_rate":215.55,"max_rate":220.16,"is_open":false,"enter_tag":"","leverage":1.0,"is_short":false,"open_timestamp":1737136080000,"close_timestamp":1737146520000,"orders":[{"amount":45.0,"safe_price":217.54,"ft_order_side":"buy","order_filled_timestamp":1737136080000,"ft_is_entry":true,"ft_order_tag":"","cost":9794.19465},{"amount":45.0,"safe_price":219.93413706853423,"ft_order_side":"sell","order_filled_timestamp":1737146520000,"ft_is_entry":false,"ft_order_tag":"roi","cost":9901.984686168082}]},{"pair":"BTC/USDT:USDT","stake_amount":9954.7745,"max_stake_amount":9954.7745,"amount":0.095,"open_date":"2025-01-17 21:06:00+00:00","close_date":"2025-01-19 19:57:00+00:00","open_rate":104787.1,"close_rate":105940.33471735867,"fee_open":0.0005,"fee_close":0.0005,"trade_duration":2811,"profit_ratio":0.00943057122439363,"profit_abs":93.92614955,"exit_reason":"roi","initial_stop_loss_abs":94308.4,"initial_stop_loss_ratio":-0.1,"stop_loss_abs":94308.4,"stop_loss_ratio":-0.1,"min_rate":102242.8,"max_rate":106259.8,"is_open":false,"enter_tag":"","leverage":1.0,"is_short":false,"open_timestamp":1737147960000,"close_timestamp":1737316620000,"orders":[{"amount":0.095,"safe_price":104787.1,"ft_order_side":"buy","order_filled_timestamp":1737147960000,"ft_is_entry":true,"ft_order_tag":"","cost":9959.75188725},{"amount":0.095,"safe_price":105940.33471735867,"ft_order_side":"sell","order_filled_timestamp":1737316620000,"ft_is_entry":false,"ft_order_tag":"roi","cost":10069.363964048147}]},{"pair":"ETH/USDT:USDT","stake_amount":9997.6594,"max_stake_amount":9997.6594,"amount":2.972,"open_date":"2025-01-19 21:09:00+00:00","close_date":"2025-01-20 06:48:00+00:00","open_rate":3363.95,"close_rate":3400.9719609804897,"fee_open":0.0005,"fee_close":0.0005,"trade_duration":579,"profit_ratio":0.009899508397276295,"profit_abs":99.02139914,"exit_reason":"roi","initial_stop_loss_abs":3027.56,"initial_stop_loss_ratio":-0.1,"stop_loss_abs":3027.56,"stop_loss_ratio":-0.1,"min_rate":3141.25,"max_rate":3401.69,"is_open":false,"enter_tag":"","leverage":1.0,"is_short":false,"open_timestamp":1737320940000,"close_timestamp":1737355680000,"orders":[{"amount":2.972,"safe_price":3363.95,"ft_order_side":"buy","order_filled_timestamp":1737320940000,"ft_is_entry":true,"ft_order_tag":"","cost":10002.658229699999},{"amount":2.972,"safe_price":3400.9719609804897,"ft_order_side":"sell","order_filled_timestamp":1737355680000,"ft_is_entry":false,"ft_order_tag":"roi","cost":10112.742512368031}]},{"pair":"SOL/USDT:USDT","stake_amount":9830.98,"max_stake_amount":9830.98,"amount":38.0,"open_date":"2025-01-20 11:18:00+00:00","close_date":"2025-01-21 01:30:00+00:00","open_rate":258.71,"close_rate":232.84,"fee_open":0.0005,"fee_close":0.0005,"trade_duration":852,"profit_ratio":-0.10072623151366973,"profit_abs":-990.73268627,"exit_reason":"stop_loss","initial_stop_loss_abs":232.84,"initial_stop_loss_ratio":-0.1,"stop_loss_abs":232.84,"stop_loss_ratio":-0.1,"min_rate":232.01,"max_rate":261.64,"is_open":false,"enter_tag":"","leverage":1.0,"is_short":false,"open_timestamp":1737371880000,"close_timestamp":1737423000000,"orders":[{"amount":38.0,"safe_price":258.71,"ft_order_side":"buy","order_filled_timestamp":1737371880000,"ft_is_entry":true,"ft_order_tag":"","cost":9835.895489999999},{"amount":38.0,"safe_price":232.84,"ft_order_side":"sell","order_filled_timestamp":1737423000000,"ft_is_entry":false,"ft_order_tag":"stop_loss","cost":8852.34396}]},{"pair":"BTC/USDT:USDT","stake_amount":9941.5708,"max_stake_amount":9941.5708,"amount":0.098,"open_date":"2025-01-21 06:03:00+00:00","close_date":"2025-01-21 09:03:00+00:00","open_rate":101444.6,"close_rate":102561.0488244122,"fee_open":0.0005,"fee_close":0.0005,"trade_duration":180,"profit_ratio":0.00989452151835971,"profit_abs":98.41626975,"exit_reason":"roi","initial_stop_loss_abs":91300.2,"initial_stop_loss_ratio":-0.1,"stop_loss_abs":91300.2,"stop_loss_ratio":-0.1,"min_rate":101362.5,"max_rate":102784.6,"is_open":false,"enter_tag":"","leverage":1.0,"is_short":false,"open_timestamp":1737439380000,"close_timestamp":1737450180000,"orders":[{"amount":0.098,"safe_price":101444.6,"ft_order_side":"buy","order_filled_timestamp":1737439380000,"ft_is_entry":true,"ft_order_tag":"","cost":9946.5415854},{"amount":0.098,"safe_price":102561.0488244122,"ft_order_side":"sell","order_filled_timestamp":1737450180000,"ft_is_entry":false,"ft_order_tag":"roi","cost":10056.008276184792}]},{"pair":"BTC/USDT:USDT","stake_amount":9946.704,"max_stake_amount":9946.704,"amount":0.094,"open_date":"2025-01-21 23:09:00+00:00","close_date":"2025-01-24 18:27:00+00:00","open_rate":105816.0,"close_rate":106980.55827913956,"fee_open":0.0005,"fee_close":0.0005,"trade_duration":4038,"profit_ratio":0.009256440322744901,"profit_abs":92.11710752,"exit_reason":"roi","initial_stop_loss_abs":95234.5,"initial_stop_loss_ratio":-0.1,"stop_loss_abs":95234.5,"stop_loss_ratio":-0.1,"min_rate":101211.0,"max_rate":107076.5,"is_open":false,"enter_tag":"","leverage":1.0,"is_short":false,"open_timestamp":1737500940000,"close_timestamp":1737743220000,"orders":[{"amount":0.094,"safe_price":105816.0,"ft_order_side":"buy","order_filled_timestamp":1737500940000,"ft_is_entry":true,"ft_order_tag":"","cost":9951.677351999999},{"amount":0.094,"safe_price":106980.55827913956,"ft_order_side":"sell","order_filled_timestamp":1737743220000,"ft_is_entry":false,"ft_order_tag":"roi","cost":10061.200564478238}]},{"pair":"BNB/USDT:USDT","stake_amount":9998.7443,"max_stake_amount":9998.7443,"amount":13.87,"open_date":"2025-01-17 23:06:00+00:00","close_date":"2025-01-27 06:39:00+00:00","open_rate":720.89,"close_rate":648.81,"fee_open":0.0005,"fee_close":0.0005,"trade_duration":13413,"profit_ratio":-0.10191414139471694,"profit_abs":-1019.52294708,"exit_reason":"stop_loss","initial_stop_loss_abs":648.81,"initial_stop_loss_ratio":-0.1,"stop_loss_abs":648.81,"stop_loss_ratio":-0.1,"min_rate":648.77,"max_rate":723.63,"is_open":false,"enter_tag":"","leverage":1.0,"is_short":false,"open_timestamp":1737155160000,"close_timestamp":1737959940000,"orders":[{"amount":13.87,"safe_price":720.89,"ft_order_side":"buy","order_filled_timestamp":1737155160000,"ft_is_entry":true,"ft_order_tag":"","cost":10003.743672149998},{"amount":13.87,"safe_price":648.81,"ft_order_side":"sell","order_filled_timestamp":1737959940000,"ft_is_entry":false,"ft_order_tag":"stop_loss","cost":9003.494197349999}]},{"pair":"BTC/USDT:USDT","stake_amount":9917.987,"max_stake_amount":9917.987,"amount":0.094,"open_date":"2025-01-24 20:24:00+00:00","close_date":"2025-02-01 00:00:00+00:00","open_rate":105510.5,"close_rate":102379.8,"fee_open":0.0005,"fee_close":0.0005,"trade_duration":10296,"profit_ratio":-0.0323262541628384,"profit_abs":-320.77167423,"exit_reason":"force_exit","initial_stop_loss_abs":94959.5,"initial_stop_loss_ratio":-0.1,"stop_loss_abs":94959.5,"stop_loss_ratio":-0.1,"min_rate":97680.0,"max_rate":106450.0,"is_open":false,"enter_tag":"","leverage":1.0,"is_short":false,"open_timestamp":1737750240000,"close_timestamp":1738368000000,"orders":[{"amount":0.094,"safe_price":105510.5,"ft_order_side":"buy","order_filled_timestamp":1737750240000,"ft_is_entry":true,"ft_order_tag":"","cost":9922.9459935},{"amount":0.094,"safe_price":102379.8,"ft_order_side":"sell","order_filled_timestamp":1738368000000,"ft_is_entry":false,"ft_order_tag":"force_exit","cost":9628.513050599999}]}],"locks":[],"best_pair":{"key":"ETH/USDT:USDT","trades":5,"profit_mean":0.009929027417668147,"profit_mean_pct":0.99,"profit_sum":0.04964513708834073,"profit_sum_pct":4.96,"profit_total_abs":496.60839252000005,"profit_total":0.024830419626,"profit_total_pct":2.48,"duration_avg":"7:49:00","wins":5,"draws":0,"losses":0,"winrate":1.0},"worst_pair":{"key":"BNB/USDT:USDT","trades":6,"profit_mean":-0.012505688486392339,"profit_mean_pct":-1.25,"profit_sum":-0.07503413091835404,"profit_sum_pct":-7.5,"profit_total_abs":-750.71468739,"profit_total":-0.0375357343695,"profit_total_pct":-3.75,"duration_avg":"1 day, 20:26:00","wins":4,"draws":0,"losses":2,"winrate":0.6666666666666666},"results_per_pair":[{"key":"ETH/USDT:USDT","trades":5,"profit_mean":0.009929027417668147,"profit_mean_pct":0.99,"profit_sum":0.04964513708834073,"profit_sum_pct":4.96,"profit_total_abs":496.60839252000005,"profit_total":0.024830419626,"profit_total_pct":2.48,"duration_avg":"7:49:00","wins":5,"draws":0,"losses":0,"winrate":1.0},{"key":"BTC/USDT:USDT","trades":6,"profit_mean":0.0008859910036947381,"profit_mean_pct":0.09,"profit_sum":0.005315946022168429,"profit_sum_pct":0.53,"profit_total_abs":53.956192620000024,"profit_total":0.002697809631000001,"profit_total_pct":0.27,"duration_avg":"2 days, 7:10:00","wins":4,"draws":0,"losses":2,"winrate":0.6666666666666666},{"key":"SOL/USDT:USDT","trades":6,"profit_mean":-0.008471502633191675,"profit_mean_pct":-0.85,"profit_sum":-0.05082901579915005,"profit_sum_pct":-5.08,"profit_total_abs":-498.5691102200001,"profit_total":-0.024928455511000005,"profit_total_pct":-2.49,"duration_avg":"7:09:00","wins":5,"draws":0,"losses":1,"winrate":0.8333333333333334},{"key":"BNB/USDT:USDT","trades":6,"profit_mean":-0.012505688486392339,"profit_mean_pct":-1.25,"profit_sum":-0.07503413091835404,"profit_sum_pct":-7.5,"profit_total_abs":-750.71468739,"profit_total":-0.0375357343695,"profit_total_pct":-3.75,"duration_avg":"1 day, 20:26:00","wins":4,"draws":0,"losses":2,"winrate":0.6666666666666666},{"key":"TOTAL","trades":23,"profit_mean":-0.003082698417695432,"profit_mean_pct":-0.31,"profit_sum":-0.07090206360699494,"profit_sum_pct":-7.09,"profit_total_abs":-698.71921247,"profit_total":-0.0349359606235,"profit_total_pct":-3.49,"duration_avg":"1 day, 5:33:00","wins":18,"draws":0,"losses":5,"winrate":0.782608695652174}],"results_per_enter_tag":[{"key":"","trades":23,"profit_mean":-0.003082698417695432,"profit_mean_pct":-0.31,"profit_sum":-0.07090206360699494,"profit_sum_pct":-7.09,"profit_total_abs":-698.71921247,"profit_total":-0.0349359606235,"profit_total_pct":-3.49,"duration_avg":"1 day, 5:33:00","wins":18,"draws":0,"losses":5,"winrate":0.782608695652174},{"key":"TOTAL","trades":23,"profit_mean":-0.003082698417695432,"profit_mean_pct":-0.31,"profit_sum":-0.07090206360699494,"profit_sum_pct":-7.09,"profit_total_abs":-698.71921247,"profit_total":-0.0349359606235,"profit_total_pct":-3.49,"duration_avg":"1 day, 5:33:00","wins":18,"draws":0,"losses":5,"winrate":0.782608695652174}],"exit_reason_summary":[{"key":"roi","trades":18,"profit_mean":0.009885067883353745,"profit_mean_pct":0.99,"profit_sum":0.17793122190036742,"profit_sum_pct":17.79,"profit_total_abs":1771.00510136,"profit_total":0.088550255068,"profit_total_pct":8.86,"duration_avg":"12:51:00","wins":18,"draws":0,"losses":0,"winrate":1.0},{"key":"exit_signal","trades":2,"profit_mean":-0.006933329218068656,"profit_mean_pct":-0.69,"profit_sum":-0.013866658436137312,"profit_sum_pct":-1.39,"profit_total_abs":-138.69700625000002,"profit_total":-0.006934850312500001,"profit_total_pct":-0.69,"duration_avg":"19:27:00","wins":0,"draws":0,"losses":2,"winrate":0.0},{"key":"force_exit","trades":1,"profit_mean":-0.0323262541628384,"profit_mean_pct":-3.23,"profit_sum":-0.0323262541628384,"profit_sum_pct":-3.23,"profit_total_abs":-320.77167423,"profit_total":-0.0160385837115,"profit_total_pct":-1.6,"duration_avg":"7 days, 3:36:00","wins":0,"draws":0,"losses":1,"winrate":0.0},{"key":"stop_loss","trades":2,"profit_mean":-0.10132018645419333,"profit_mean_pct":-10.13,"profit_sum":-0.20264037290838666,"profit_sum_pct":-20.26,"profit_total_abs":-2010.2556333500002,"profit_total":-0.10051278166750001,"profit_total_pct":-10.05,"duration_avg":"4 days, 22:52:00","wins":0,"draws":0,"losses":2,"winrate":0.0},{"key":"TOTAL","trades":23,"profit_mean":-0.003082698417695432,"profit_mean_pct":-0.31,"profit_sum":-0.07090206360699494,"profit_sum_pct":-7.09,"profit_total_abs":-698.71921247,"profit_total":-0.0349359606235,"profit_total_pct":-3.49,"duration_avg":"1 day, 5:33:00","wins":18,"draws":0,"losses":5,"winrate":0.782608695652174}],"mix_tag_stats":[{"key":["","roi"],"trades":18,"profit_mean":0.009885067883353745,"profit_mean_pct":0.99,"profit_sum":0.17793122190036742,"profit_sum_pct":17.79,"profit_total_abs":1771.00510136,"profit_total":0.088550255068,"profit_total_pct":8.86,"duration_avg":"12:51:00","wins":18,"draws":0,"losses":0,"winrate":1.0},{"key":["","exit_signal"],"trades":2,"profit_mean":-0.006933329218068656,"profit_mean_pct":-0.69,"profit_sum":-0.013866658436137312,"profit_sum_pct":-1.39,"profit_total_abs":-138.69700625000002,"profit_total":-0.006934850312500001,"profit_total_pct":-0.69,"duration_avg":"19:27:00","wins":0,"draws":0,"losses":2,"winrate":0.0},{"key":["","force_exit"],"trades":1,"profit_mean":-0.0323262541628384,"profit_mean_pct":-3.23,"profit_sum":-0.0323262541628384,"profit_sum_pct":-3.23,"profit_total_abs":-320.77167423,"profit_total":-0.0160385837115,"profit_total_pct":-1.6,"duration_avg":"7 days, 3:36:00","wins":0,"draws":0,"losses":1,"winrate":0.0},{"key":["","stop_loss"],"trades":2,"profit_mean":-0.10132018645419333,"profit_mean_pct":-10.13,"profit_sum":-0.20264037290838666,"profit_sum_pct":-20.26,"profit_total_abs":-2010.2556333500002,"profit_total":-0.10051278166750001,"profit_total_pct":-10.05,"duration_avg":"4 days, 22:52:00","wins":0,"draws":0,"losses":2,"winrate":0.0},{"key":"TOTAL","trades":23,"profit_mean":-0.003082698417695432,"profit_mean_pct":-0.31,"profit_sum":-0.07090206360699494,"profit_sum_pct":-7.09,"profit_total_abs":-698.71921247,"profit_total":-0.0349359606235,"profit_total_pct":-3.49,"duration_avg":"1 day, 5:33:00","wins":18,"draws":0,"losses":5,"winrate":0.782608695652174}],"left_open_trades":[{"key":"BTC/USDT:USDT","trades":1,"profit_mean":-0.0323262541628384,"profit_mean_pct":-3.23,"profit_sum":-0.0323262541628384,"profit_sum_pct":-3.23,"profit_total_abs":-320.77167423,"profit_total":-0.0160385837115,"profit_total_pct":-1.6,"duration_avg":"7 days, 3:36:00","wins":0,"draws":0,"losses":1,"winrate":0.0},{"key":"TOTAL","trades":1,"profit_mean":-0.0323262541628384,"profit_mean_pct":-3.23,"profit_sum":-0.0323262541628384,"profit_sum_pct":-3.23,"profit_total_abs":-320.77167423,"profit_total":-0.0160385837115,"profit_total_pct":-1.6,"duration_avg":"7 days, 3:36:00","wins":0,"draws":0,"losses":1,"winrate":0.0}],"total_trades":23,"trade_count_long":23,"trade_count_short":0,"total_volume":457393.89691035316,"avg_stake_amount":9947.803977391304,"profit_mean":-0.003082698417695432,"profit_median":0.009899508397276295,"profit_total":-0.0349359606235,"profit_total_long":-0.0349359606235,"profit_total_short":0.0,"profit_total_abs":-698.71921247,"profit_total_long_abs":-698.71921247,"profit_total_short_abs":0.0,"cagr":-0.477424038470427,"expectancy":-30.379096194347838,"expectancy_ratio":-0.06150301072923514,"sortino":-1.55499217946864,"sharpe":-2.1133290447988715,"calmar":-33.429959774636345,"profit_factor":0.7170861506455188,"backtest_start":"2025-01-11 03:12:00","backtest_start_ts":1736565120000,"backtest_end":"2025-02-01 00:00:00","backtest_end_ts":1738368000000,"backtest_days":20,"backtest_run_start_ts":1739176902,"backtest_run_end_ts":1739176902,"trades_per_day":1.15,"market_change":0.06818550095971712,"pairlist":["BTC/USDT:USDT","ETH/USDT:USDT","BNB/USDT:USDT","SOL/USDT:USDT"],"stake_amount":10000,"stake_currency":"USDT","stake_currency_decimals":3,"starting_balance":20000,"dry_run_wallet":20000,"final_balance":19301.28078753,"rejected_signals":0,"timedout_entry_orders":0,"timedout_exit_orders":0,"canceled_trade_entries":0,"canceled_entry_orders":0,"replaced_entry_orders":0,"max_open_trades":4,"max_open_trades_setting":-1,"timeframe":"3m","timeframe_detail":"","timerange":"20250110-20250201","enable_protections":false,"strategy_name":"SampleStrategy","stoploss":-0.1,"trailing_stop":false,"trailing_stop_positive":null,"trailing_stop_positive_offset":0.0,"trailing_only_offset_is_reached":false,"use_custom_stoploss":false,"minimal_roi":{"60":0.01,"30":0.02,"0":0.04},"use_exit_signal":true,"exit_profit_only":false,"exit_profit_offset":0.0,"ignore_roi_if_entry_signal":false,"trading_mode":"futures","margin_mode":"isolated","periodic_breakdown":{"day":[{"date":"12/01/2025","date_ts":1736640000000,"profit_abs":98.41465505,"wins":1,"draws":0,"loses":0,"winrate":1.0},{"date":"13/01/2025","date_ts":1736726400000,"profit_abs":-39.84898525,"wins":1,"draws":0,"loses":2,"winrate":0.3333333333333333},{"date":"14/01/2025","date_ts":1736812800000,"profit_abs":398.657174,"wins":4,"draws":0,"loses":0,"winrate":1.0},{"date":"15/01/2025","date_ts":1736899200000,"profit_abs":298.192001,"wins":3,"draws":0,"loses":0,"winrate":1.0},{"date":"16/01/2025","date_ts":1736985600000,"profit_abs":0.0,"wins":0,"draws":0,"loses":0,"winrate":0.0},{"date":"17/01/2025","date_ts":1737072000000,"profit_abs":493.41232435,"wins":5,"draws":0,"loses":0,"winrate":1.0},{"date":"18/01/2025","date_ts":1737158400000,"profit_abs":0.0,"wins":0,"draws":0,"loses":0,"winrate":0.0},{"date":"19/01/2025","date_ts":1737244800000,"profit_abs":93.92614955,"wins":1,"draws":0,"loses":0,"winrate":1.0},{"date":"20/01/2025","date_ts":1737331200000,"profit_abs":99.02139914,"wins":1,"draws":0,"loses":0,"winrate":1.0},{"date":"21/01/2025","date_ts":1737417600000,"profit_abs":-892.31641652,"wins":1,"draws":0,"loses":1,"winrate":0.5},{"date":"22/01/2025","date_ts":1737504000000,"profit_abs":0.0,"wins":0,"draws":0,"loses":0,"winrate":0.0},{"date":"23/01/2025","date_ts":1737590400000,"profit_abs":0.0,"wins":0,"draws":0,"loses":0,"winrate":0.0},{"date":"24/01/2025","date_ts":1737676800000,"profit_abs":92.11710752,"wins":1,"draws":0,"loses":0,"winrate":1.0},{"date":"25/01/2025","date_ts":1737763200000,"profit_abs":0.0,"wins":0,"draws":0,"loses":0,"winrate":0.0},{"date":"26/01/2025","date_ts":1737849600000,"profit_abs":0.0,"wins":0,"draws":0,"loses":0,"winrate":0.0},{"date":"27/01/2025","date_ts":1737936000000,"profit_abs":-1019.52294708,"wins":0,"draws":0,"loses":1,"winrate":0.0},{"date":"28/01/2025","date_ts":1738022400000,"profit_abs":0.0,"wins":0,"draws":0,"loses":0,"winrate":0.0},{"date":"29/01/2025","date_ts":1738108800000,"profit_abs":0.0,"wins":0,"draws":0,"loses":0,"winrate":0.0},{"date":"30/01/2025","date_ts":1738195200000,"profit_abs":0.0,"wins":0,"draws":0,"loses":0,"winrate":0.0},{"date":"31/01/2025","date_ts":1738281600000,"profit_abs":0.0,"wins":0,"draws":0,"loses":0,"winrate":0.0},{"date":"01/02/2025","date_ts":1738368000000,"profit_abs":-320.77167423,"wins":0,"draws":0,"loses":1,"winrate":0.0}],"week":[{"date":"13/01/2025","date_ts":1736726400000,"profit_abs":58.5656698,"wins":2,"draws":0,"loses":2,"winrate":0.5},{"date":"20/01/2025","date_ts":1737331200000,"profit_abs":1383.20904804,"wins":14,"draws":0,"loses":0,"winrate":1.0},{"date":"27/01/2025","date_ts":1737936000000,"profit_abs":-1819.72225608,"wins":2,"draws":0,"loses":2,"winrate":0.5},{"date":"03/02/2025","date_ts":1738540800000,"profit_abs":-320.77167423,"wins":0,"draws":0,"loses":1,"winrate":0.0}],"month":[{"date":"31/01/2025","date_ts":1738281600000,"profit_abs":-377.94753824,"wins":18,"draws":0,"loses":4,"winrate":0.8181818181818182},{"date":"28/02/2025","date_ts":1740700800000,"profit_abs":-320.77167423,"wins":0,"draws":0,"loses":1,"winrate":0.0}]},"backtest_best_day":0.04957295472807074,"backtest_worst_day":-0.10191414139471694,"backtest_best_day_abs":493.41232435,"backtest_worst_day_abs":-1019.52294708,"winning_days":7,"draw_days":10,"losing_days":4,"daily_profit":[["2025-01-12",98.41465505],["2025-01-13",-39.84898525],["2025-01-14",398.657174],["2025-01-15",298.192001],["2025-01-16",0.0],["2025-01-17",493.41232435],["2025-01-18",0.0],["2025-01-19",93.92614955],["2025-01-20",99.02139914],["2025-01-21",-892.31641652],["2025-01-22",0.0],["2025-01-23",0.0],["2025-01-24",92.11710752],["2025-01-25",0.0],["2025-01-26",0.0],["2025-01-27",-1019.52294708],["2025-01-28",0.0],["2025-01-29",0.0],["2025-01-30",0.0],["2025-01-31",0.0],["2025-02-01",-320.77167423]],"wins":18,"losses":5,"draws":0,"winrate":0.782608695652174,"holding_avg":"1 day, 5:33:00","holding_avg_s":106380.0,"winner_holding_avg":"12:51:00","winner_holding_avg_s":46260.0,"loser_holding_avg":"3 days, 17:39:00","loser_holding_avg_s":322740.0,"max_consecutive_wins":14,"max_consecutive_losses":2,"max_drawdown_account":0.09982820724858493,"max_relative_drawdown":0.09982820724858493,"max_drawdown_abs":2140.49393031,"drawdown_start":"2025-01-20 06:48:00","drawdown_start_ts":1737355680000.0,"drawdown_end":"2025-02-01 00:00:00","drawdown_end_ts":1738368000000.0,"max_drawdown_low":-698.7192124699998,"max_drawdown_high":1441.7747178400002,"csum_min":19301.28078753,"csum_max":21441.77471784}},"strategy_comparison":[{"key":"SampleStrategy","trades":23,"profit_mean":-0.003082698417695432,"profit_mean_pct":-0.31,"profit_sum":-0.07090206360699494,"profit_sum_pct":-7.09,"profit_total_abs":-698.71921247,"profit_total":-0.0349359606235,"profit_total_pct":-3.49,"duration_avg":"1 day, 5:33:00","wins":18,"draws":0,"losses":5,"winrate":0.782608695652174,"max_drawdown_account":0.09982820724858493,"max_drawdown_abs":"2140.494"}]}