{"strategy":{"SampleStrategy":{"trades":[{"pair":"BTC/USDT:USDT","stake_amount":9979.1792,"max_stake_amount":9979.1792,"amount":0.106,"open_date":"2025-01-12 09:00:00+00:00","close_date":"2025-01-12 15:18:00+00:00","open_rate":94143.2,"close_rate":95179.2932466233,"fee_open":0.0005,"fee_close":0.0005,"trade_duration":378,"profit_ratio":0.009995002498750625,"profit_abs":99.791792,"exit_reason":"roi","initial_stop_loss_abs":84728.9,"initial_stop_loss_ratio":-0.1,"stop_loss_abs":84728.9,"stop_loss_ratio":-0.1,"min_rate":93661.1,"max_rate":95287.8,"is_open":false,"enter_tag":"","leverage":1.0,"is_short":false,"open_timestamp":1736672400000,"close_timestamp":1736695080000,"orders":[{"amount":0.106,"safe_price":94143.2,"ft_order_side":"buy","order_filled_timestamp":1736672400000,"ft_is_entry":true,"ft_order_tag":"","cost":9984.168789599998},{"amount":0.106,"safe_price":95179.2932466233,"ft_order_side":"sell","order_filled_timestamp":1736695080000,"ft_is_entry":false,"ft_order_tag":"roi","cost":10094.049586684141}]},{"pair":"BTC/USDT:USDT","stake_amount":9960.82,"max_stake_amount":9960.82,"amount":0.106,"open_date":"2025-01-12 22:36:00+00:00","close_date":"2025-01-13 00:27:00+00:00","open_rate":93970.0,"close_rate":95004.18709354676,"fee_open":0.0005,"fee_close":0.0005,"trade_duration":111,"profit_ratio":0.00994207201265834,"profit_abs":99.08070534,"exit_reason":"roi","initial_stop_loss_abs":84573.0,"initial_stop_loss_ratio":-0.1,"stop_loss_abs":84573.0,"stop_loss_ratio":-0.1,"min_rate":93727.4,"max_rate":95567.4,"is_open":false,"enter_tag":"","leverage":1.0,"is_short":false,"open_timestamp":1736721360000,"close_timestamp":1736728020000,"orders":[{"amount":0.106,"safe_price":93970.0,"ft_order_side":"buy","order_filled_timestamp":1736721360000,"ft_is_entry":true,"ft_order_tag":"","cost":9965.80041},{"amount":0.106,"safe_price":95004.18709354676,"ft_order_side":"sell","order_filled_timestamp":1736728020000,"ft_is_entry":false,"ft_order_tag":"roi","cost":10075.479053831914}]},{"pair":"BTC/USDT:USDT","stake_amount":9980.8752,"max_stake_amount":9980.8752,"amount":0.106,"open_date":"2025-01-13 02:06:00+00:00","close_date":"2025-01-13 21:51:00+00:00","open_rate":94159.2,"close_rate":94188.5,"fee_open":0.0005,"fee_close":0.0005,"trade_duration":1185,"profit_ratio":-0.0007666589174977104,"profit_abs":-7.65575294,"exit_reason":"exit_signal","initial_stop_loss_abs":84743.3,"initial_stop_loss_ratio":-0.1,"stop_loss_abs":84743.3,"stop_loss_ratio":-0.1,"min_rate":88909.0,"max_rate":94878.0,"is_open":false,"enter_tag":"","leverage":1.0,"is_short":false,"open_timestamp":1736733960000,"close_timestamp":1736805060000,"orders":[{"amount":0.106,"safe_price":94159.2,"ft_order_side":"buy","order_filled_timestamp":1736733960000,"ft_is_entry":true,"ft_order_tag":"","cost":9985.865637599998},{"amount":0.106,"safe_price":94188.5,"ft_order_side":"sell","order_filled_timestamp":1736805060000,"ft_is_entry":false,"ft_order_tag":"exit_signal","cost":9988.972990499999}]},{"pair":"BTC/USDT:USDT","stake_amount":9989.668,"max_stake_amount":9989.668,"amount":0.104,"open_date":"2025-01-14 13:06:00+00:00","close_date":"2025-01-14 14:33:00+00:00","open_rate":96054.5,"close_rate":97111.628064032,"fee_open":0.0005,"fee_close":0.0005,"trade_duration":87,"profit_ratio":0.009995002498750625,"profit_abs":99.89668,"exit_reason":"roi","initial_stop_loss_abs":86449.1,"initial_stop_loss_ratio":-0.1,"stop_loss_abs":86449.1,"stop_loss_ratio":-0.1,"min_rate":95715.8,"max_rate":97219.8,"is_open":false,"enter_tag":"","leverage":1.0,"is_short":false,"open_timestamp":1736859960000,"close_timestamp":1736865180000,"orders":[{"amount":0.104,"safe_price":96054.5,"ft_order_side":"buy","order_filled_timestamp":1736859960000,"ft_is_entry":true,"ft_order_tag":"","cost":9994.662833999999},{"amount":0.104,"safe_price":97111.628064032,"ft_order_side":"sell","order_filled_timestamp":1736865180000,"ft_is_entry":false,"ft_order_tag":"roi","cost":10104.659123318657}]},{"pair":"BTC/USDT:USDT","stake_amount":9959.49,"max_stake_amount":9959.49,"amount":0.1,"open_date":"2025-01-16 03:00:00+00:00","close_date":"2025-01-17 01:33:00+00:00","open_rate":99594.9,"close_rate":100690.99194597297,"fee_open":0.0005,"fee_close":0.0005,"trade_duration":1353,"profit_ratio":0.009827326037006298,"profit_abs":97.92409297,"exit_reason":"roi","initial_stop_loss_abs":89635.5,"initial_stop_loss_ratio":-0.1,"stop_loss_abs":89635.5,"stop_loss_ratio":-0.1,"min_rate":97293.6,"max_rate":100746.7,"is_open":false,"enter_tag":"","leverage":1.0,"is_short":false,"open_timestamp":1736996400000,"close_timestamp":1737077580000,"orders":[{"amount":0.1,"safe_price":99594.9,"ft_order_side":"buy","order_filled_timestamp":1736996400000,"ft_is_entry":true,"ft_order_tag":"","cost":9964.469744999999},{"amount":0.1,"safe_price":100690.99194597297,"ft_order_side":"sell","order_filled_timestamp":1737077580000,"ft_is_entry":false,"ft_order_tag":"roi","cost":10074.133744194596}]},{"pair":"BTC/USDT:USDT","stake_amount":9954.7745,"max_stake_amount":9954.7745,"amount":0.095,"open_date":"2025-01-17 21:06:00+00:00","close_date":"2025-01-19 19:57:00+00:00","open_rate":104787.1,"close_rate":105940.33471735867,"fee_open":0.0005,"fee_close":0.0005,"trade_duration":2811,"profit_ratio":0.00943057122439363,"profit_abs":93.92614955,"exit_reason":"roi","initial_stop_loss_abs":94308.4,"initial_stop_loss_ratio":-0.1,"stop_loss_abs":94308.4,"stop_loss_ratio":-0.1,"min_rate":102242.8,"max_rate":106259.8,"is_open":false,"enter_tag":"","leverage":1.0,"is_short":false,"open_timestamp":1737147960000,"close_timestamp":1737316620000,"orders":[{"amount":0.095,"safe_price":104787.1,"ft_order_side":"buy","order_filled_timestamp":1737147960000,"ft_is_entry":true,"ft_order_tag":"","cost":9959.75188725},{"amount":0.095,"safe_price":105940.33471735867,"ft_order_side":"sell","order_filled_timestamp":1737316620000,"ft_is_entry":false,"ft_order_tag":"roi","cost":10069.363964048147}]},{"pair":"BTC/USDT:USDT","stake_amount":9970.174,"max_stake_amount":9970.174,"amount":0.095,"open_date":"2025-01-19 21:36:00+00:00","close_date":"2025-01-20 06:48:00+00:00","open_rate":104949.2,"close_rate":106104.21870935467,"fee_open":0.0005,"fee_close":0.0005,"trade_duration":552,"profit_ratio":0.009898520132744627,"profit_abs":98.73931305,"exit_reason":"roi","initial_stop_loss_abs":94454.3,"initial_stop_loss_ratio":-0.1,"stop_loss_abs":94454.3,"stop_loss_ratio":-0.1,"min_rate":99501.0,"max_rate":106733.7,"is_open":false,"enter_tag":"","leverage":1.0,"is_short":false,"open_timestamp":1737322560000,"close_timestamp":1737355680000,"orders":[{"amount":0.095,"safe_price":104949.2,"ft_order_side":"buy","order_filled_timestamp":1737322560000,"ft_is_entry":true,"ft_order_tag":"","cost":9975.159086999998},{"amount":0.095,"safe_price":106104.21870935467,"ft_order_side":"sell","order_filled_timestamp":1737355680000,"ft_is_entry":false,"ft_order_tag":"roi","cost":10084.940727777386}]},{"pair":"BTC/USDT:USDT","stake_amount":9922.5885,"max_stake_amount":9922.5885,"amount":0.093,"open_date":"2025-01-20 12:27:00+00:00","close_date":"2025-01-20 13:30:00+00:00","open_rate":106694.5,"close_rate":107868.72661330664,"fee_open":0.0005,"fee_close":0.0005,"trade_duration":63,"profit_ratio":0.009995002498750625,"profit_abs":99.225885,"exit_reason":"roi","initial_stop_loss_abs":96025.1,"initial_stop_loss_ratio":-0.1,"stop_loss_abs":96025.1,"stop_loss_ratio":-0.1,"min_rate":106041.4,"max_rate":107946.7,"is_open":false,"enter_tag":"","leverage":1.0,"is_short":false,"open_timestamp":1737376020000,"close_timestamp":1737379800000,"orders":[{"amount":0.093,"safe_price":106694.5,"ft_order_side":"buy","order_filled_timestamp":1737376020000,"ft_is_entry":true,"ft_order_tag":"","cost":9927.549794249999},{"amount":0.093,"safe_price":107868.72661330664,"ft_order_side":"sell","order_filled_timestamp":1737379800000,"ft_is_entry":false,"ft_order_tag":"roi","cost":10036.807470825035}]},{"pair":"BTC/USDT:USDT","stake_amount":9938.0172,"max_stake_amount":9938.0172,"amount":0.093,"open_date":"2025-01-20 15:27:00+00:00","close_date":"2025-02-01 00:00:00+00:00","open_rate":106860.4,"close_rate":102379.8,"fee_open":0.0005,"fee_close":0.0005,"trade_duration":16353,"profit_ratio":-0.045668048188305325,"profit_abs":-454.07677331,"exit_reason":"force_exit","initial_stop_loss_abs":96174.4,"initial_stop_loss_ratio":-0.1,"stop_loss_abs":96174.4,"stop_loss_ratio":-0.1,"min_rate":97680.0,"max_rate":107241.6,"is_open":false,"enter_tag":"","leverage":1.0,"is_short":false,"open_timestamp":1737386820000,"close_timestamp":1738368000000,"orders":[{"amount":0.093,"safe_price":106860.4,"ft_order_side":"buy","order_filled_timestamp":1737386820000,"ft_is_entry":true,"ft_order_tag":"","cost":9942.9862086},{"amount":0.093,"safe_price":102379.8,"ft_order_side":"sell","order_filled_timestamp":1738368000000,"ft_is_entry":false,"ft_order_tag":"force_exit","cost":9526.0820607}]}],"locks":[],"best_pair":{"key":"BTC/USDT:USDT","trades":9,"profit_mean":0.002516532199694637,"profit_mean_pct":0.25,"profit_sum":0.022648789797251732,"profit_sum_pct":2.26,"profit_total_abs":226.85209165999993,"profit_total":0.011342604582999996,"profit_total_pct":1.13,"duration_avg":"1 day, 18:24:00","wins":7,"draws":0,"losses":2,"winrate":0.7777777777777778},"worst_pair":{"key":"BTC/USDT:USDT","trades":9,"profit_mean":0.002516532199694637,"profit_mean_pct":0.25,"profit_sum":0.022648789797251732,"profit_sum_pct":2.26,"profit_total_abs":226.85209165999993,"profit_total":0.011342604582999996,"profit_total_pct":1.13,"duration_avg":"1 day, 18:24:00","wins":7,"draws":0,"losses":2,"winrate":0.7777777777777778},"results_per_pair":[{"key":"BTC/USDT:USDT","trades":9,"profit_mean":0.002516532199694637,"profit_mean_pct":0.25,"profit_sum":0.022648789797251732,"profit_sum_pct":2.26,"profit_total_abs":226.85209165999993,"profit_total":0.011342604582999996,"profit_total_pct":1.13,"duration_avg":"1 day, 18:24:00","wins":7,"draws":0,"losses":2,"winrate":0.7777777777777778},{"key":"TOTAL","trades":9,"profit_mean":0.002516532199694637,"profit_mean_pct":0.25,"profit_sum":0.022648789797251732,"profit_sum_pct":2.26,"profit_total_abs":226.85209165999993,"profit_total":0.011342604582999996,"profit_total_pct":1.13,"duration_avg":"1 day, 18:24:00","wins":7,"draws":0,"losses":2,"winrate":0.7777777777777778}],"results_per_enter_tag":[{"key":"","trades":9,"profit_mean":0.002516532199694637,"profit_mean_pct":0.25,"profit_sum":0.022648789797251732,"profit_sum_pct":2.26,"profit_total_abs":226.85209165999993,"profit_total":0.011342604582999996,"profit_total_pct":1.13,"duration_avg":"1 day, 18:24:00","wins":7,"draws":0,"losses":2,"winrate":0.7777777777777778},{"key":"TOTAL","trades":9,"profit_mean":0.002516532199694637,"profit_mean_pct":0.25,"profit_sum":0.022648789797251732,"profit_sum_pct":2.26,"profit_total_abs":226.85209165999993,"profit_total":0.011342604582999996,"profit_total_pct":1.13,"duration_avg":"1 day, 18:24:00","wins":7,"draws":0,"losses":2,"winrate":0.7777777777777778}],"exit_reason_summary":[{"key":"roi","trades":7,"profit_mean":0.009869070986150683,"profit_mean_pct":0.99,"profit_sum":0.06908349690305478,"profit_sum_pct":6.91,"profit_total_abs":688.5846179099999,"profit_total":0.0344292308955,"profit_total_pct":3.44,"duration_avg":"12:45:00","wins":7,"draws":0,"losses":0,"winrate":1.0},{"key":"exit_signal","trades":1,"profit_mean":-0.0007666589174977104,"profit_mean_pct":-0.08,"profit_sum":-0.0007666589174977104,"profit_sum_pct":-0.08,"profit_total_abs":-7.65575294,"profit_total":-0.000382787647,"profit_total_pct":-0.04,"duration_avg":"19:45:00","wins":0,"draws":0,"losses":1,"winrate":0.0},{"key":"force_exit","trades":1,"profit_mean":-0.045668048188305325,"profit_mean_pct":-4.57,"profit_sum":-0.045668048188305325,"profit_sum_pct":-4.57,"profit_total_abs":-454.07677331,"profit_total":-0.0227038386655,"profit_total_pct":-2.27,"duration_avg":"11 days, 8:33:00","wins":0,"draws":0,"losses":1,"winrate":0.0},{"key":"TOTAL","trades":9,"profit_mean":0.002516532199694637,"profit_mean_pct":0.25,"profit_sum":0.022648789797251732,"profit_sum_pct":2.26,"profit_total_abs":226.85209165999993,"profit_total":0.011342604582999996,"profit_total_pct":1.13,"duration_avg":"1 day, 18:24:00","wins":7,"draws":0,"losses":2,"winrate":0.7777777777777778}],"mix_tag_stats":[{"key":["","roi"],"trades":7,"profit_mean":0.009869070986150683,"profit_mean_pct":0.99,"profit_sum":0.06908349690305478,"profit_sum_pct":6.91,"profit_total_abs":688.5846179099999,"profit_total":0.0344292308955,"profit_total_pct":3.44,"duration_avg":"12:45:00","wins":7,"draws":0,"losses":0,"winrate":1.0},{"key":["","exit_signal"],"trades":1,"profit_mean":-0.0007666589174977104,"profit_mean_pct":-0.08,"profit_sum":-0.0007666589174977104,"profit_sum_pct":-0.08,"profit_total_abs":-7.65575294,"profit_total":-0.000382787647,"profit_total_pct":-0.04,"duration_avg":"19:45:00","wins":0,"draws":0,"losses":1,"winrate":0.0},{"key":["","force_exit"],"trades":1,"profit_mean":-0.045668048188305325,"profit_mean_pct":-4.57,"profit_sum":-0.045668048188305325,"profit_sum_pct":-4.57,"profit_total_abs":-454.07677331,"profit_total":-0.0227038386655,"profit_total_pct":-2.27,"duration_avg":"11 days, 8:33:00","wins":0,"draws":0,"losses":1,"winrate":0.0},{"key":"TOTAL","trades":9,"profit_mean":0.002516532199694637,"profit_mean_pct":0.25,"profit_sum":0.022648789797251732,"profit_sum_pct":2.26,"profit_total_abs":226.85209165999993,"profit_total":0.011342604582999996,"profit_total_pct":1.13,"duration_avg":"1 day, 18:24:00","wins":7,"draws":0,"losses":2,"winrate":0.7777777777777778}],"left_open_trades":[{"key":"BTC/USDT:USDT","trades":1,"profit_mean":-0.045668048188305325,"profit_mean_pct":-4.57,"profit_sum":-0.045668048188305325,"profit_sum_pct":-4.57,"profit_total_abs":-454.07677331,"profit_total":-0.0227038386655,"profit_total_pct":-2.27,"duration_avg":"11 days, 8:33:00","wins":0,"draws":0,"losses":1,"winrate":0.0},{"key":"TOTAL","trades":1,"profit_mean":-0.045668048188305325,"profit_mean_pct":-4.57,"profit_sum":-0.045668048188305325,"profit_sum_pct":-4.57,"profit_total_abs":-454.07677331,"profit_total":-0.0227038386655,"profit_total_pct":-2.27,"duration_avg":"11 days, 8:33:00","wins":0,"draws":0,"losses":1,"winrate":0.0}],"total_trades":9,"trade_count_long":9,"trade_count_short":0,"total_volume":179754.90311517988,"avg_stake_amount":9961.731844444446,"profit_mean":0.002516532199694637,"profit_median":0.009898520132744627,"profit_total":0.011342604582999996,"profit_total_long":0.011342604582999996,"profit_total_short":0.0,"profit_total_abs":226.85209165999993,"profit_total_long_abs":226.85209165999993,"profit_total_short_abs":0.0,"cagr":0.22855337845143175,"expectancy":25.20578796222221,"expectancy_ratio":0.10917917421557077,"sortino":0.9708331212005077,"sharpe":1.2551054542771916,"calmar":49.348048398782794,"profit_factor":1.491306283970069,"backtest_start":"2025-01-11 03:12:00","backtest_start_ts":1736565120000,"backtest_end":"2025-02-01 00:00:00","backtest_end_ts":1738368000000,"backtest_days":20,"backtest_run_start_ts":1739121842,"backtest_run_end_ts":1739121842,"trades_per_day":0.45,"market_change":0.09377897705578685,"pairlist":["BTC/USDT:USDT"],"stake_amount":10000,"stake_currency":"USDT","stake_currency_decimals":3,"starting_balance":20000,"dry_run_wallet":20000,"final_balance":20226.85209166,"rejected_signals":0,"timedout_entry_orders":0,"timedout_exit_orders":0,"canceled_trade_entries":0,"canceled_entry_orders":0,"replaced_entry_orders":0,"max_open_trades":1,"max_open_trades_setting":-1,"timeframe":"3m","timeframe_detail":"","timerange":"20250110-20250201","enable_protections":false,"strategy_name":"SampleStrategy","stoploss":-0.1,"trailing_stop":false,"trailing_stop_positive":null,"trailing_stop_positive_offset":0.0,"trailing_only_offset_is_reached":false,"use_custom_stoploss":false,"minimal_roi":{"60":0.01,"30":0.02,"0":0.04},"use_exit_signal":true,"exit_profit_only":false,"exit_profit_offset":0.0,"ignore_roi_if_entry_signal":false,"trading_mode":"futures","margin_mode":"isolated","periodic_breakdown":{"day":[{"date":"12/01/2025","date_ts":1736640000000,"profit_abs":99.791792,"wins":1,"draws":0,"loses":0,"winrate":1.0},{"date":"13/01/2025","date_ts":1736726400000,"profit_abs":91.4249524,"wins":1,"draws":0,"loses":1,"winrate":0.5},{"date":"14/01/2025","date_ts":1736812800000,"profit_abs":99.89668,"wins":1,"draws":0,"loses":0,"winrate":1.0},{"date":"15/01/2025","date_ts":1736899200000,"profit_abs":0.0,"wins":0,"draws":0,"loses":0,"winrate":0.0},{"date":"16/01/2025","date_ts":1736985600000,"profit_abs":0.0,"wins":0,"draws":0,"loses":0,"winrate":0.0},{"date":"17/01/2025","date_ts":1737072000000,"profit_abs":97.92409297,"wins":1,"draws":0,"loses":0,"winrate":1.0},{"date":"18/01/2025","date_ts":1737158400000,"profit_abs":0.0,"wins":0,"draws":0,"loses":0,"winrate":0.0},{"date":"19/01/2025","date_ts":1737244800000,"profit_abs":93.92614955,"wins":1,"draws":0,"loses":0,"winrate":1.0},{"date":"20/01/2025","date_ts":1737331200000,"profit_abs":197.96519805,"wins":2,"draws":0,"loses":0,"winrate":1.0},{"date":"21/01/2025","date_ts":1737417600000,"profit_abs":0.0,"wins":0,"draws":0,"loses":0,"winrate":0.0},{"date":"22/01/2025","date_ts":1737504000000,"profit_abs":0.0,"wins":0,"draws":0,"loses":0,"winrate":0.0},{"date":"23/01/2025","date_ts":1737590400000,"profit_abs":0.0,"wins":0,"draws":0,"loses":0,"winrate":0.0},{"date":"24/01/2025","date_ts":1737676800000,"profit_abs":0.0,"wins":0,"draws":0,"loses":0,"winrate":0.0},{"date":"25/01/2025","date_ts":1737763200000,"profit_abs":0.0,"wins":0,"draws":0,"loses":0,"winrate":0.0},{"date":"26/01/2025","date_ts":1737849600000,"profit_abs":0.0,"wins":0,"draws":0,"loses":0,"winrate":0.0},{"date":"27/01/2025","date_ts":1737936000000,"profit_abs":0.0,"wins":0,"draws":0,"loses":0,"winrate":0.0},{"date":"28/01/2025","date_ts":1738022400000,"profit_abs":0.0,"wins":0,"draws":0,"loses":0,"winrate":0.0},{"date":"29/01/2025","date_ts":1738108800000,"profit_abs":0.0,"wins":0,"draws":0,"loses":0,"winrate":0.0},{"date":"30/01/2025","date_ts":1738195200000,"profit_abs":0.0,"wins":0,"draws":0,"loses":0,"winrate":0.0},{"date":"31/01/2025","date_ts":1738281600000,"profit_abs":0.0,"wins":0,"draws":0,"loses":0,"winrate":0.0},{"date":"01/02/2025","date_ts":1738368000000,"profit_abs":-454.07677331,"wins":0,"draws":0,"loses":1,"winrate":0.0}],"week":[{"date":"13/01/2025","date_ts":1736726400000,"profit_abs":191.2167444,"wins":2,"draws":0,"loses":1,"winrate":0.6666666666666666},{"date":"20/01/2025","date_ts":1737331200000,"profit_abs":489.71212057,"wins":5,"draws":0,"loses":0,"winrate":1.0},{"date":"27/01/2025","date_ts":1737936000000,"profit_abs":0.0,"wins":0,"draws":0,"loses":0,"winrate":0.0},{"date":"03/02/2025","date_ts":1738540800000,"profit_abs":-454.07677331,"wins":0,"draws":0,"loses":1,"winrate":0.0}],"month":[{"date":"31/01/2025","date_ts":1738281600000,"profit_abs":680.92886497,"wins":7,"draws":0,"loses":1,"winrate":0.875},{"date":"28/02/2025","date_ts":1740700800000,"profit_abs":-454.07677331,"wins":0,"draws":0,"loses":1,"winrate":0.0}]},"backtest_best_day":0.019893522631495252,"backtest_worst_day":-0.045668048188305325,"backtest_best_day_abs":197.96519805,"backtest_worst_day_abs":-454.07677331,"winning_days":6,"draw_days":14,"losing_days":1,"daily_profit":[["2025-01-12",99.791792],["2025-01-13",91.4249524],["2025-01-14",99.89668],["2025-01-15",0.0],["2025-01-16",0.0],["2025-01-17",97.92409297],["2025-01-18",0.0],["2025-01-19",93.92614955],["2025-01-20",197.96519805],["2025-01-21",0.0],["2025-01-22",0.0],["2025-01-23",0.0],["2025-01-24",0.0],["2025-01-25",0.0],["2025-01-26",0.0],["2025-01-27",0.0],["2025-01-28",0.0],["2025-01-29",0.0],["2025-01-30",0.0],["2025-01-31",0.0],["2025-02-01",-454.07677331]],"wins":7,"losses":2,"draws":0,"winrate":0.7777777777777778,"holding_avg":"1 day, 18:24:00","holding_avg_s":152640.0,"winner_holding_avg":"12:45:00","winner_holding_avg_s":45900.0,"loser_holding_avg":"6 days, 2:09:00","loser_holding_avg_s":526140.0,"max_consecutive_wins":5,"max_consecutive_losses":1,"max_drawdown_account":0.02195630458741771,"max_relative_drawdown":0.02195630458741771,"max_drawdown_abs":454.07677331,"drawdown_start":"2025-01-20 13:30:00","drawdown_start_ts":1737379800000.0,"drawdown_end":"2025-02-01 00:00:00","drawdown_end_ts":1738368000000.0,"max_drawdown_low":226.85209165999993,"max_drawdown_high":680.92886497,"csum_min":20099.791792,"csum_max":20680.92886497}},"strategy_comparison":[{"key":"SampleStrategy","trades":9,"profit_mean":0.002516532199694637,"profit_mean_pct":0.25,"profit_sum":0.022648789797251732,"profit_sum_pct":2.26,"profit_total_abs":226.85209165999993,"profit_total":0.011342604582999996,"profit_total_pct":1.13,"duration_avg":"1 day, 18:24:00","wins":7,"draws":0,"losses":2,"winrate":0.7777777777777778,"max_drawdown_account":0.02195630458741771,"max_drawdown_abs":"454.077"}]}